name,status,passed,steps,nl_statement,lean4_code
Rudin_exercise_1_18b,success,True,3,"If $k = 1$ and $\mathbf{x} \in R^{k}$, prove that there does not exist $\mathbf{y} \in R^{k}$ such that $\mathbf{y} \neq 0$ but $\mathbf{x} \cdot \mathbf{y}=0$","import Mathlib

/-- Dot product for vectors in R^1 represented as functions Fin 1 ‚Üí ‚Ñù. -/
def dot_fin1 (x y : Fin 1 ‚Üí ‚Ñù) : ‚Ñù := x 0 * y 0

/-- Rudin exercise (1.18 b) for k = 1: if x ‚â† 0 in R^1 then there does not exist a nonzero y with x ¬∑ y = 0. -/
theorem Rudin_exercise_1_18b :
  ‚àÄ (x : Fin 1 ‚Üí ‚Ñù), x ‚â† (fun _ => 0 : Fin 1 ‚Üí ‚Ñù) ‚Üí
    ¬¨ ‚àÉ (y : Fin 1 ‚Üí ‚Ñù), y ‚â† (fun _ => 0 : Fin 1 ‚Üí ‚Ñù) ‚àß dot_fin1 x y = 0 := by sorry
"
Rudin_exercise_1_8,N/A,False,0,Prove that no order can be defined in the complex field that turns it into an ordered field.,Lean4 code file not found
Rudin_exercise_1_4,success,True,5,Let $E$ be a nonempty subset of an ordered set; suppose $\alpha$ is a lower bound of $E$ and $\beta$ is an upper bound of $E$. Prove that $\alpha \leq \beta$.,"import Mathlib

/-- Rudin Ex. 1.4: If E is a nonempty subset of an ordered set R,
and `a` is a lower bound of E and `b` is an upper bound of E,
then a ‚â§ b. -/
theorem Rudin_exercise_1_4 {R : Type _} [Preorder R] {E : Set R} (hNE : E.Nonempty) {a b : R}
  (ha : ‚àÄ x ‚àà E, a ‚â§ x) (hb : ‚àÄ x ‚àà E, x ‚â§ b) : a ‚â§ b := by sorry
"
Rudin_exercise_2_25,N/A,False,0,Prove that every compact metric space $K$ has a countable base.,Lean4 code file not found
Rudin_exercise_1_12,success,True,5,"If $z_1, \ldots, z_n$ are complex, prove that $|z_1 + z_2 + \ldots + z_n| \leq |z_1| + |z_2| + \cdots + |z_n|$.","import Mathlib

open Complex

theorem Rudin_exercise_1_12 {n : Nat} (z : Fin n ‚Üí Complex) :
  Complex.abs (‚àë i : Fin n, z i) ‚â§ ‚àë i : Fin n, Complex.abs (z i) := by sorry
"
Rudin_exercise_1_17,success,True,6,Prove that $|\mathbf{x}+\mathbf{y}|^{2}+|\mathbf{x}-\mathbf{y}|^{2}=2|\mathbf{x}|^{2}+2|\mathbf{y}|^{2}$ if $\mathbf{x} \in R^{k}$ and $\mathbf{y} \in R^{k}$.,"import Mathlib

/-- Parallelogram identity in R^n: for vectors x y : Fin n ‚Üí ‚Ñù,
    ‚Äñx + y‚Äñ^2 + ‚Äñx - y‚Äñ^2 = 2 * ‚Äñx‚Äñ^2 + 2 * ‚Äñy‚Äñ^2. -/
theorem parallelogram_Rn (n : ‚Ñï) (x y : Fin n ‚Üí ‚Ñù) :
  ‚Äñx + y‚Äñ ^ 2 + ‚Äñx - y‚Äñ ^ 2 = 2 * ‚Äñx‚Äñ ^ 2 + 2 * ‚Äñy‚Äñ ^ 2 := by
  sorry
"
Rudin_exercise_2_19a,N/A,False,0,"If $A$ and $B$ are disjoint closed sets in some metric space $X$, prove that they are separated.",Lean4 code file not found
Rudin_exercise_1_1b,success,True,6,"If $r$ is rational $(r \neq 0)$ and $x$ is irrational, prove that $rx$ is irrational.","import Mathlib

/-- Rudin Ex. 1.1(b): If r is rational (r ‚â† 0) and x is irrational, then r * x is irrational.
    Here we express ""x is irrational"" as ‚àÄ q : ‚Ñö, (q : ‚Ñù) ‚â† x. -/
theorem Rudin_exercise_1_1b (r : ‚Ñö) (x : ‚Ñù) (hr : r ‚â† 0)
  (hx : ‚àÄ q : ‚Ñö, (q : ‚Ñù) ‚â† x) : ‚àÄ q : ‚Ñö, (q : ‚Ñù) ‚â† (r : ‚Ñù) * x := by
  sorry
"
Rudin_exercise_2_27b,max_steps_reached,False,6,"Suppose $E\subset\mathbb{R}^k$ is uncountable, and let $P$ be the set of condensation points of $E$. Prove that at most countably many points of $E$ are not in $P$.","import Mathlib

open Metric

/-- Rudin Ex. 2.27(b): Let E ‚äÜ ‚Ñù^k be uncountable and let P be the set of condensation points of E.
    Then at most countably many points of E are not in P; equivalently E \ P is countable. -/
theorem Rudin_exercise_2_27b {k : ‚Ñï} {E : Set (Fin k ‚Üí ‚Ñù)} (hE : ¬¨ Set.Countable E) :
  Set.Countable (E \ { x | ‚àÄ r, 0 < r ‚Üí ¬¨ Set.Countable (E ‚à© Metric.ball x r) }) := by sorry
"
Rudin_exercise_3_7,success,True,3,Prove that the convergence of $\Sigma a_{n}$ implies the convergence of $\sum \frac{\sqrt{a_{n}}}{n}$ if $a_n\geq 0$.,"import Mathlib

/-- If (a_n) is a nonnegative summable sequence of real numbers, then
    the series sum_{n=1}^\infty sqrt(a_n)/n converges. -/
theorem Rudin_exercise_3_7 (a : ‚Ñï ‚Üí ‚Ñù) (h_nonneg : ‚àÄ n, 0 ‚â§ a n) (h_summ : Summable a) :
  Summable fun n => Real.sqrt (a (n+1)) / (n+1 : ‚Ñù) := by sorry
"
Rudin_exercise_1_14,max_steps_reached,False,6,"If $z$ is a complex number such that $|z|=1$, that is, such that $z \bar{z}=1$, compute $|1+z|^{2}+|1-z|^{2}$.","import Mathlib

/-- Rudin exercise 1.14: If z is complex with z * conj z = 1, then |1+z|^2 + |1-z|^2 = 4. -/
theorem Rudin_exercise_1_14 (z : Complex) (h : z * Complex.conj z = (1 : Complex)) :
  (Complex.abs (1 + z))^2 + (Complex.abs (1 - z))^2 = 4 := by
  sorry
"
Rudin_exercise_2_29,success,True,3,Prove that every open set in $\mathbb{R}$ is the union of an at most countable collection of disjoint segments.,"import Mathlib

open Set

theorem Rudin_exercise_2_29 {s : Set ‚Ñù} (hs : IsOpen s) :
  ‚àÉ T : Set (Set ‚Ñù),
    Countable T ‚àß
    (‚àÄ I ‚àà T, ‚àÉ a b : ‚Ñù, a < b ‚àß I = Ioo a b) ‚àß
    (‚àÄ A ‚àà T, ‚àÄ B ‚àà T, A ‚â† B ‚Üí A ‚à© B = ‚àÖ) ‚àß
    s = ‚ãÉ‚ÇÄ T := by sorry
"
Rudin_exercise_3_2a,max_steps_reached,False,6,Prove that $\lim_{n \rightarrow \infty}\sqrt{n^2 + n} -n = 1/2$.,"import Mathlib

/-- Rudin exercise 3.2(a): show that the sequence sqrt(n^2 + n) - n tends to 1/2. -/
theorem Rudin_exercise_3_2a :
  Tendsto (fun n : ‚Ñï => Real.sqrt ((n : ‚Ñù) ^ 2 + n) - n) Filter.atTop (ùìù (1 / 2 : ‚Ñù)) := by sorry
"
Rudin_exercise_3_5,N/A,False,0,"For any two real sequences $\left\{a_{n}\right\},\left\{b_{n}\right\}$, prove that $\limsup _{n \rightarrow \infty}\left(a_{n}+b_{n}\right) \leq \limsup _{n \rightarrow \infty} a_{n}+\limsup _{n \rightarrow \infty} b_{n},$ provided the sum on the right is not of the form $\infty-\infty$.",Lean4 code file not found
Rudin_exercise_4_4b,success,True,3,"Let $f$ and $g$ be continuous mappings of a metric space $X$ into a metric space $Y$, and let $E$ be a dense subset of $X$. Prove that if $g(p) = f(p)$ for all $p \in P$ then $g(p) = f(p)$ for all $p \in X$.","import Mathlib

open Set

variable {X Y : Type*} [MetricSpace X] [MetricSpace Y]

variable {f g : X ‚Üí Y} {E : Set X}

/-- Let f and g be continuous mappings of a metric space X into a metric space Y,
and let E be a dense subset of X. If f = g on E, then f = g on X. -/
theorem continuous_eq_on_dense (hf : Continuous f) (hg : Continuous g) (hE : Dense E)
  (h : ‚àÄ p ‚àà E, f p = g p) : ‚àÄ p : X, f p = g p := by sorry
"
Rudin_exercise_3_13,max_steps_reached,False,6,Prove that the Cauchy product of two absolutely convergent series converges absolutely.,"import Mathlib

open BigOperators

theorem Rudin_exercise_3_13 {a b : ‚Ñï ‚Üí ‚Ñù} (ha : Summable fun n => |a n|) (hb : Summable fun n => |b n|) :
  Summable fun n => |Finset.sum (Finset.range (n+1)) fun k => a k * b (n - k)| := by
  sorry
"
Rudin_exercise_4_8a,N/A,False,0,Let $f$ be a real uniformly continuous function on the bounded set $E$ in $R^{1}$. Prove that $f$ is bounded on $E$.,Lean4 code file not found
Rudin_exercise_4_5b,success,True,3,"Show that there exist a set $E \subset \mathbb{R}$ and a real continuous function $f$ defined on $E$, such that there does not exist a continuous real function $g$ on $\mathbb{R}$ such that $g(x)=f(x)$ for all $x \in E$.","import Mathlib

/-- Rudin exercise 4.5(b): There exists E ‚äÇ ‚Ñù and a continuous f : E ‚Üí ‚Ñù which cannot be
    extended to a continuous g : ‚Ñù ‚Üí ‚Ñù. -/

theorem Rudin_exercise_4_5b :
  ‚àÉ (E : Set ‚Ñù) (f : Subtype E ‚Üí ‚Ñù),
    Continuous f ‚àß ¬¨ ‚àÉ g : ‚Ñù ‚Üí ‚Ñù, Continuous g ‚àß ‚àÄ x : Subtype E, g x = f x := by
  sorry
"
Rudin_exercise_4_11a,success,True,6,Suppose $f$ is a uniformly continuous mapping of a metric space $X$ into a metric space $Y$ and prove that $\left\{f\left(x_{n}\right)\right\}$ is a Cauchy sequence in $Y$ for every Cauchy sequence $\{x_n\}$ in $X$.,"import Mathlib

/-- Suppose f is a uniformly continuous mapping of a metric space X into a metric space Y.
    Then for every Cauchy sequence x : ‚Ñï ‚Üí X, the sequence f ‚àò x is a Cauchy sequence in Y. -/
theorem Rudin_exercise_4_11a {X Y : Type _} [MetricSpace X] [MetricSpace Y] {f : X ‚Üí Y}
  (hf : UniformContinuous f) {x : ‚Ñï ‚Üí X} (hx : CauchySeq x) : CauchySeq (f ‚àò x) := by
  sorry
"
Rudin_exercise_3_21,N/A,False,0,"If $\left\{E_{n}\right\}$ is a sequence of closed nonempty and bounded sets in a complete metric space $X$, if $E_{n} \supset E_{n+1}$, and if $\lim _{n \rightarrow \infty} \operatorname{diam} E_{n}=0,$ then $\bigcap_{1}^{\infty} E_{n}$ consists of exactly one point.",Lean4 code file not found
Rudin_exercise_5_1,success,True,3,"Let $f$ be defined for all real $x$, and suppose that $|f(x)-f(y)| \leq (x-y)^{2}$ for all real $x$ and $y$. Prove that $f$ is constant.","import Mathlib

/-- Rudin exercise: If f : ‚Ñù ‚Üí ‚Ñù satisfies |f x - f y| ‚â§ (x - y)^2 for all x,y, then f is constant. -/
theorem Rudin_exercise_5_1 (f : ‚Ñù ‚Üí ‚Ñù) (h : ‚àÄ x y : ‚Ñù, |f x - f y| ‚â§ (x - y)^2) : ‚àÄ x y : ‚Ñù, f x = f y := by
  sorry
"
Rudin_exercise_4_3,success,True,6,Let $f$ be a continuous real function on a metric space $X$. Let $Z(f)$ (the zero set of $f$ ) be the set of all $p \in X$ at which $f(p)=0$. Prove that $Z(f)$ is closed.,"import Mathlib

open Set

variable {X : Type*} [MetricSpace X]

def zero_set (f : X ‚Üí ‚Ñù) : Set X := { x | f x = 0 }

theorem zero_set_is_closed {f : X ‚Üí ‚Ñù} (hf : Continuous f) : IsClosed (zero_set f) := by sorry
"
Rudin_exercise_4_21a,success,True,3,"Suppose $K$ and $F$ are disjoint sets in a metric space $X, K$ is compact, $F$ is closed. Prove that there exists $\delta>0$ such that $d(p, q)>\delta$ if $p \in K, q \in F$.","import Mathlib

/-- Suppose K and F are disjoint sets in a metric space X, K is compact, F is closed.
    There exists Œ¥ > 0 such that dist p q ‚â• Œ¥ for all p ‚àà K and q ‚àà F. -/
theorem Rudin_exercise_4_21a {X : Type _} [MetricSpace X] {K F : Set X}
  (hK : IsCompact K) (hF : IsClosed F) (hdis : Disjoint K F) :
  ‚àÉ Œ¥ > 0, ‚àÄ p ‚àà K, ‚àÄ q ‚àà F, Œ¥ ‚â§ dist p q := by sorry
"
Rudin_exercise_4_1a,success,True,3,Suppose $f$ is a real function defined on $\mathbb{R}$ which satisfies $\lim_{h \rightarrow 0} f(x + h) - f(x - h) = 0$ for every $x \in \mathbb{R}$. Show that $f$ does not need to be continuous.,"import Mathlib

open Filter

/-- There exists a function f : ‚Ñù ‚Üí ‚Ñù such that for every x, the limit as h ‚Üí 0 of
    f(x + h) - f(x - h) is 0, but f is not continuous. -/
theorem Rudin_exercise_4_1a : ‚àÉ f : ‚Ñù ‚Üí ‚Ñù, (‚àÄ x : ‚Ñù, Tendsto (fun h => f (x + h) - f (x - h)) (nhds 0) (nhds 0)) ‚àß ¬¨Continuous (fun x => f x) := by
  sorry
"
Rudin_exercise_4_15,N/A,False,0,Prove that every continuous open mapping of $R^{1}$ into $R^{1}$ is monotonic.,Lean4 code file not found
Rudin_exercise_5_3,success,True,6,"Suppose $g$ is a real function on $R^{1}$, with bounded derivative (say $\left|g^{\prime}\right| \leq M$ ). Fix $\varepsilon>0$, and define $f(x)=x+\varepsilon g(x)$. Prove that $f$ is one-to-one if $\varepsilon$ is small enough.","import Mathlib

/-- Rudin exercise 5.3: If g : ‚Ñù ‚Üí ‚Ñù has bounded derivative |g'| ‚â§ M,
    then for small enough Œµ > 0 the map f(x) = x + Œµ g(x) is injective. -/
theorem Rudin_exercise_5_3 {g : ‚Ñù ‚Üí ‚Ñù} (M : ‚Ñù) (hder : ‚àÄ x, |deriv g x| ‚â§ M) :
  ‚àÉ Œµ0 > 0, ‚àÄ Œµ, 0 < Œµ ‚Üí Œµ < Œµ0 ‚Üí Function.Injective (fun x => x + Œµ * g x) := by sorry
"
Munkres_exercise_13_5b,N/A,False,0,"Show that if $\mathcal{A}$ is a subbasis for a topology on $X$, then the topology generated by $\mathcal{A}$ equals the intersection of all topologies on $X$ that contain $\mathcal{A}$.",Lean4 code file not found
Rudin_exercise_5_5,max_steps_reached,False,6,"Suppose $f$ is defined and differentiable for every $x>0$, and $f^{\prime}(x) \rightarrow 0$ as $x \rightarrow+\infty$. Put $g(x)=f(x+1)-f(x)$. Prove that $g(x) \rightarrow 0$ as $x \rightarrow+\infty$.","import Mathlib

open Filter Set

theorem Rudin_exercise_5_5 (f : ‚Ñù ‚Üí ‚Ñù) (h_diff : DifferentiableOn ‚Ñù f (Set.Ioi (0 : ‚Ñù)))
  (h_deriv : Tendsto (fun x => deriv f x) atTop (ùìù (0 : ‚Ñù))) :
  Tendsto (fun x => f (x + 1) - f x) atTop (ùìù (0 : ‚Ñù)) := by
  sorry
"
Munkres_exercise_13_8a,N/A,False,0,"Show that the collection $\{(a,b) \mid a < b, a \text{ and } b \text{ rational}\}$ is a basis that generates the standard topology on $\mathbb{R}$.",Lean4 code file not found
Munkres_exercise_13_4b2,N/A,False,0,Let $\mathcal{T}_\alpha$ be a family of topologies on $X$. Show that there is a unique largest topology on $X$ contained in all the collections $\mathcal{T}_\alpha$.,Lean4 code file not found
Rudin_exercise_5_17,success,True,6,"Suppose $f$ is a real, three times differentiable function on $[-1,1]$, such that $f(-1)=0, \quad f(0)=0, \quad f(1)=1, \quad f^{\prime}(0)=0 .$ Prove that $f^{(3)}(x) \geq 3$ for some $x \in(-1,1)$.","import Mathlib

open Set

theorem Rudin_exercise_5_17 {f : ‚Ñù ‚Üí ‚Ñù}
  (hf : ContDiffOn ‚Ñù 3 f (Set.Icc (-1 : ‚Ñù) 1))
  (hvals : f (-1) = 0 ‚àß f 0 = 0 ‚àß f 1 = 1)
  (hder0 : deriv f 0 = 0) :
  ‚àÉ x ‚àà Set.Ioo (-1 : ‚Ñù) 1, deriv (deriv (deriv f)) x ‚â• 3 := by sorry
"
Rudin_exercise_5_7,max_steps_reached,False,6,"Suppose $f^{\prime}(x), g^{\prime}(x)$ exist, $g^{\prime}(x) \neq 0$, and $f(x)=g(x)=0$. Prove that $\lim _{t \rightarrow x} \frac{f(t)}{g(t)}=\frac{f^{\prime}(x)}{g^{\prime}(x)}.$","import Mathlib

open Filter

/-- Rudin exercise: Suppose f and g are real functions, have derivatives f_der and g_der at x,
    g_der ‚â† 0, and f x = g x = 0. Then lim_{t ‚Üí x} f(t)/g(t) = f_der/g_der. -/
theorem Rudin_exercise_5_7 {f g : ‚Ñù ‚Üí ‚Ñù} {f_der g_der : ‚Ñù} {x : ‚Ñù}
  (hf : HasDerivAt f f_der x) (hg : HasDerivAt g g_der x) (hg_ne : g_der ‚â† 0)
  (hf0 : f x = 0) (hg0 : g x = 0) :
  Tendsto (fun t => f t / g t) (nhds x) (nhds (f_der / g_der)) := by sorry
"
Munkres_exercise_16_6,N/A,False,0,"Show that the countable collection \[\{(a, b) \times (c, d) \mid a < b \text{ and } c < d, \text{ and } a, b, c, d \text{ are rational}\}\] is a basis for $\mathbb{R}^2$.",Lean4 code file not found
Munkres_exercise_18_8a,max_steps_reached,False,6,"Let $Y$ be an ordered set in the order topology. Let $f, g: X \rightarrow Y$ be continuous. Show that the set $\{x \mid f(x) \leq g(x)\}$ is closed in $X$.","import Mathlib

theorem Munkres_exercise_18_8a {X Y : Type*} [TopologicalSpace X] [TopologicalSpace Y] [Preorder Y] [OrderClosedTopology Y]
  {f g : X ‚Üí Y} (hf : Continuous f) (hg : Continuous g) : IsClosed { x | f x ‚â§ g x } := by sorry
"
Munkres_exercise_22_2a,N/A,False,0,"Let $p: X \rightarrow Y$ be a continuous map. Show that if there is a continuous map $f: Y \rightarrow X$ such that $p \circ f$ equals the identity map of $Y$, then $p$ is a quotient map.",Lean4 code file not found
Munkres_exercise_18_13,success,True,3,"Let $A \subset X$; let $f: A \rightarrow Y$ be continuous; let $Y$ be Hausdorff. Show that if $f$ may be extended to a continuous function $g: \bar{A} \rightarrow Y$, then $g$ is uniquely determined by $f$.","import Mathlib

open Set

/-- Let A ‚äÇ X; let f: A ‚Üí Y be continuous; let Y be Hausdorff. Show that if f may be extended to a continuous function g: closure A ‚Üí Y, then g is uniquely determined by f. -/
theorem extension_unique {X Y : Type*} [TopologicalSpace X] [TopologicalSpace Y] [T2Space Y]
  {A : Set X} {f : A ‚Üí Y} {g1 g2 : X ‚Üí Y}
  (hg1 : ContinuousOn g1 (closure A)) (hg2 : ContinuousOn g2 (closure A))
  (h1 : ‚àÄ x : A, g1 x = f x) (h2 : ‚àÄ x : A, g2 x = f x) :
  ‚àÄ x ‚àà closure A, g1 x = g2 x := by
  sorry
"
Munkres_exercise_20_2,N/A,False,0,Show that $\mathbb{R} \times \mathbb{R}$ in the dictionary order topology is metrizable.,Lean4 code file not found
Munkres_exercise_13_3b,max_steps_reached,False,6,Show that the collection $$\mathcal{T}_\infty = \{U | X - U \text{ is infinite or empty or all of X}\}$$ does not need to be a topology on the set $X$.,"import Mathlib

open Set

/-- Example showing that T_infty need not be a topology. -/

def X := Nat

def T_infty : Set (Set X) := { U | Set.Infinite ((univ : Set X) \ U) ‚à® ((univ : Set X) \ U) = ‚àÖ ‚à® ((univ : Set X) \ U) = (univ : Set X) }

def C1 : Set X := fun n => n % 2 = 0

def C2 : Set X := fun n => n = 0 ‚à® (n % 2 = 1 ‚àß n ‚â† 1)

def U1 : Set X := (univ : Set X) \ C1

def U2 : Set X := (univ : Set X) \ C2

theorem munkres_exercise_13_3b : U1 ‚àà T_infty ‚àß U2 ‚àà T_infty ‚àß (U1 ‚à™ U2) ‚àâ T_infty := by sorry
"
Munkres_exercise_23_3,success,True,4,"Let $\left\{A_{\alpha}\right\}$ be a collection of connected subspaces of $X$; let $A$ be a connected subset of $X$. Show that if $A \cap A_{\alpha} \neq \varnothing$ for all $\alpha$, then $A \cup\left(\bigcup A_{\alpha}\right)$ is connected.","import Mathlib

variable {X : Type*} [TopologicalSpace X]
variable {Œπ : Sort*} (A : Set X) (AŒ± : Œπ ‚Üí Set X)

/-- Let {A_Œ±} be a collection of connected subspaces of X; let A be a connected subset of X.
    Show that if A ‚à© A_Œ± ‚â† ‚àÖ for all Œ±, then A ‚à™ (‚ãÉ A_Œ±) is connected. -/
theorem Munkres_exercise_23_3 (hA : IsConnected A) (hAŒ± : ‚àÄ i, IsConnected (AŒ± i))
  (h_non : ‚àÄ i, (A ‚à© AŒ± i).Nonempty) : IsConnected (A ‚à™ ‚ãÉ i, AŒ± i) := by sorry
"
Munkres_exercise_23_6,success,True,4,"Let $A \subset X$. Show that if $C$ is a connected subspace of $X$ that intersects both $A$ and $X-A$, then $C$ intersects $\operatorname{Bd} A$.","import Mathlib

/-- Let A \subset X. Show that if C is a connected subspace of X that intersects both A and X-A, then C intersects \operatorname{Bd} A. -/
theorem inter_boundary_of_inter_compl_inter_boundary_extracted {X : Type*} [TopologicalSpace X] {A C : Set X} :
  IsConnected C ‚Üí C ‚à© A ‚â† ‚àÖ ‚Üí C ‚à© A·∂ú ‚â† ‚àÖ ‚Üí C ‚à© frontier A ‚â† ‚àÖ := by sorry
"
Munkres_exercise_21_6b,max_steps_reached,False,6,"Define $f_{n}:[0,1] \rightarrow \mathbb{R}$ by the equation $f_{n}(x)=x^{n}$. Show that the sequence $\left(f_{n}\right)$ does not converge uniformly.","import Mathlib

/-- Define f_n : [0,1] ‚Üí ‚Ñù by f_n(x) = x^n. Show that the sequence (f_n) does not converge uniformly on [0,1]. -/
theorem Munkres_exercise_21_6b :
  ¬¨ TendstoUniformlyOn (fun n x : ‚Ñï √ó ‚Ñù => (x.2 ^ n.1)) (fun x => if x = (1 : ‚Ñù) then 1 else 0) atTop (Icc (0 : ‚Ñù) 1) := by sorry
"
Munkres_exercise_24_3a,success,True,3,"Let $f \colon X \rightarrow X$ be continuous. Show that if $X = [0, 1]$, there is a point $x$ such that $f(x) = x$. (The point $x$ is called a fixed point of $f$.)","import Mathlib
open Topology

/-- Let f : X ‚Üí X be continuous. Show that if X = [0, 1], there is a point x such that f(x) = x.
(The point x is called a fixed point of f.) -/
theorem exists_fixed_point_of_continuous {f : ‚Ñù ‚Üí ‚Ñù} (hf : ContinuousOn f (Set.Icc 0 1)) :
    ‚àÉ x ‚àà Set.Icc 0 1, f x = x := by sorry
"
Munkres_exercise_13_4a2,N/A,False,0,"If $\mathcal{T}_\alpha$ is a family of topologies on $X$, show that $\bigcup \mathcal{T}_\alpha$ does not need to be a topology on $X$.",Lean4 code file not found
Munkres_exercise_23_11,N/A,False,0,"Let $p: X \rightarrow Y$ be a quotient map. Show that if each set $p^{-1}(\{y\})$ is connected, and if $Y$ is connected, then $X$ is connected.",Lean4 code file not found
Munkres_exercise_16_1,max_steps_reached,False,6,"Show that if $Y$ is a subspace of $X$, and $A$ is a subset of $Y$, then the topology $A$ inherits as a subspace of $Y$ is the same as the topology it inherits as a subspace of $X$.","import Mathlib

/-- If Y is a subspace of X, and A ‚äÜ Y, then the subspace topology A inherits from Y is the
same as the subspace topology A inherits from X. -/
theorem Munkres_exercise_16_1 {X : Type*} [TopologicalSpace X] {Y A : Set X} (h : A ‚äÜ Y) :
  let iY : Subtype Y ‚Üí X := fun y => (y : X)
  let iA_Y : Subtype A ‚Üí Subtype Y := fun a => ‚ü®a.1, h a.2‚ü©
  let iA_X : Subtype A ‚Üí X := fun a => (a : X)
  TopologicalSpace.induced iA_Y (TopologicalSpace.induced iY (inferInstance : TopologicalSpace X)) =
    TopologicalSpace.induced iA_X (inferInstance : TopologicalSpace X) := by sorry
"
Munkres_exercise_28_4,max_steps_reached,False,6,"A space $X$ is said to be countably compact if every countable open covering of $X$ contains a finite subcollection that covers $X$. Show that for a $T_1$ space $X$, countable compactness is equivalent to limit point compactness.","import Mathlib
open Set Filter Topology TopologicalSpace Function

/-- A space $X$ is said to be countably compact if every countable open covering of $X$ contains a finite subcollection that covers $X$. Show that for a $T_1$ space $X$, countable compactness is equivalent to limit point compactness. -/
theorem countable_compactness_eq_limit_point_compactness_in_T1_space {X : Type*} [TopologicalSpace X]
    [T1Space X] : CountableCompactSpace X ‚Üî LimitPointCompactSpace X := by sorry
"
Munkres_exercise_31_1,success,True,4,"Show that if $X$ is regular, every pair of points of $X$ have neighborhoods whose closures are disjoint.","import Mathlib

open Set

variable {Œ± : Type*} [TopologicalSpace Œ±] [RegularSpace Œ±]

theorem Munkres_exercise_31_1 (x y : Œ±) (hxy : x ‚â† y) :
  ‚àÉ U V : Set Œ±, IsOpen U ‚àß IsOpen V ‚àß x ‚àà U ‚àß y ‚àà V ‚àß (closure U ‚à© closure V = ‚àÖ) := by sorry
"
Munkres_exercise_26_12,success,True,6,"Let $p: X \rightarrow Y$ be a closed continuous surjective map such that $p^{-1}(\{y\})$ is compact, for each $y \in Y$. (Such a map is called a perfect map.) Show that if $Y$ is compact, then $X$ is compact.","import Mathlib

/-- Let p : X ‚Üí Y be a closed continuous surjective map such that p^{-1}({y}) is compact for each y ‚àà Y.
    Show that if Y is compact, then X is compact. (Perfect map preserves compactness of the target.) -/
theorem perfect_map.compact_space_of_compact_target {X Y : Type _} [TopologicalSpace X] [TopologicalSpace Y]
  (p : X ‚Üí Y) (hp_closed : IsClosedMap p) (hp_cont : Continuous p) (hp_surj : Function.Surjective p)
  (hfib : ‚àÄ y : Y, IsCompact (p ‚Åª¬π' ({y} : Set Y))) [CompactSpace Y] : CompactSpace X := by
  sorry
"
Munkres_exercise_25_9,N/A,False,0,Let $G$ be a topological group; let $C$ be the component of $G$ containing the identity element $e$. Show that $C$ is a normal subgroup of $G$.,Lean4 code file not found
Munkres_exercise_31_3,success,True,5,Show that every order topology is regular.,"import Mathlib

/-- Every order topology is regular. -/
theorem order_topology_regular {Œ± : Type*} [TopologicalSpace Œ±] [LinearOrder Œ±] [OrderTopology Œ±] :
  RegularSpace Œ± := by sorry
"
Munkres_exercise_33_7,success,True,5,Show that every locally compact Hausdorff space is completely regular.,"import Mathlib

/-- Every locally compact Hausdorff space is completely regular. -/
theorem completelyRegular_of_locallyCompact_and_T2 {X : Type*} [TopologicalSpace X]
  [LocallyCompactSpace X] [T2Space X] : CompletelyRegularSpace X := by sorry
"
Munkres_exercise_29_4,max_steps_reached,False,6,"Show that $[0, 1]^\omega$ is not locally compact in the uniform topology.","import Mathlib

/-- The unit interval as a subtype of ‚Ñù. -/
def UnitInterval := { x : ‚Ñù // 0 ‚â§ x ‚àß x ‚â§ 1 }

/-- The product of countably many copies of the unit interval with the uniform topology is not locally compact. -/
theorem Munkres_exercise_29_4 : ¬¨ LocallyCompactSpace (‚Ñï ‚Üí UnitInterval) := by sorry
"
Munkres_exercise_22_5,max_steps_reached,False,6,"Let $p \colon X \rightarrow Y$ be an open map. Show that if $A$ is open in $X$, then the map $q \colon A \rightarrow p(A)$ obtained by restricting $p$ is an open map.","import Mathlib

/-- Let p : X ‚Üí Y be an open map. If A is open in X, then the restriction q : A ‚Üí p '' A is an open map. -/
theorem munkres_exercise_22_5 {X Y : Type _} [TopologicalSpace X] [TopologicalSpace Y]
  (p : X ‚Üí Y) (hp : IsOpenMap p) (A : Set X) (hA : IsOpen A) :
  IsOpenMap ((fun x : Subtype A => ‚ü®p x.1, Set.mem_image_of_mem p x.2‚ü©) : Subtype A ‚Üí p '' A) := by sorry
"
Munkres_exercise_30_10,max_steps_reached,False,6,"Show that if $X$ is a countable product of spaces having countable dense subsets, then $X$ has a countable dense subset.","import Mathlib

/-- If a countable product of topological spaces each has a countable dense subset,
then the product has a countable dense subset. -/
theorem Munkres_exercise_30_10 {Œπ : Type*} [Countable Œπ] {X : Œπ ‚Üí Type*} [‚àÄ i, TopologicalSpace (X i)]
  (s : ‚àÄ i, Set (X i)) (h : ‚àÄ i, s i.Countable ‚àß Dense (s i)) :
  ‚àÉ S : Set (‚àÄ i, X i), S.Countable ‚àß Dense S := by sorry
"
Munkres_exercise_28_6,max_steps_reached,False,6,"Let $(X, d)$ be a metric space. If $f: X \rightarrow X$ satisfies the condition $d(f(x), f(y))=d(x, y)$ for all $x, y \in X$, then $f$ is called an isometry of $X$. Show that if $f$ is an isometry and $X$ is compact, then $f$ is bijective and hence a homeomorphism.","import Mathlib

variable {X : Type _} [MetricSpace X]

/-- An isometry of a metric space: distance-preserving self-map. -/
def isometry (f : X ‚Üí X) : Prop := ‚àÄ x y, dist (f x) (f y) = dist x y

/-- An isometry is injective. -/
theorem isometry_injective {f : X ‚Üí X} (h : isometry f) : Injective f := by sorry

/-- If X is compact and f is an isometry, then f is surjective. -/
theorem isometry_surjective_of_compact {f : X ‚Üí X} (h : isometry f) [CompactSpace X] : Surjective f := by sorry

/-- Hence such an isometry induces a homeomorphism (a homeomorphism equivalence). -/
noncomputable def isometry_homeomorphism {f : X ‚Üí X} (h : isometry f) [CompactSpace X] : X ‚âÉ‚Çú X := by sorry
"
Axler_exercise_1_2,success,True,3,Show that $\frac{-1 + \sqrt{3}i}{2}$ is a cube root of 1 (meaning that its cube equals 1).,"import Mathlib

open Complex

theorem axler_exercise_1_2 : (((-1 : ‚ÑÇ) + (Real.sqrt 3 : ‚ÑÇ) * I) / (2 : ‚ÑÇ)) ^ 3 = (1 : ‚ÑÇ) := by sorry
"
Munkres_exercise_32_2c,N/A,False,0,"Show that if $\prod X_\alpha$ is normal, then so is $X_\alpha$. Assume that each $X_\alpha$ is nonempty.",Lean4 code file not found
Munkres_exercise_34_9,max_steps_reached,False,6,"Let $X$ be a compact Hausdorff space that is the union of the closed subspaces $X_1$ and $X_2$. If $X_1$ and $X_2$ are metrizable, show that $X$ is metrizable.","import Mathlib

/-- Let X be a compact Hausdorff space that is the union of the closed subspaces
    s and t. If s and t are metrizable, then X is metrizable. -/
theorem munkres_exercise_34_9 {X : Type*} [TopologicalSpace X] [CompactSpace X] [T2Space X]
  (s t : Set X) (hs : IsClosed s) (ht : IsClosed t) (hcover : s ‚à™ t = univ)
  (hms : MetrizableSpace (Subtype s)) (hmt : MetrizableSpace (Subtype t)) : MetrizableSpace X := by sorry
"
Munkres_exercise_32_2a,N/A,False,0,"Show that if $\prod X_\alpha$ is Hausdorff, then so is $X_\alpha$. Assume that each $X_\alpha$ is nonempty.",Lean4 code file not found
Axler_exercise_5_11,success,True,3,"Suppose $S, T \in \mathcal{L}(V)$. Prove that $S T$ and $T S$ have the same eigenvalues.","import Mathlib

open LinearMap

variable {K : Type*} [Field K]
variable {V : Type*} [AddCommGroup V] [Module K V] [FiniteDimensional K V]

theorem axler_exercise_5_11 (S T : V ‚Üí‚Çó[K] V) (Œº : K) :
  (‚àÉ v : V, v ‚â† 0 ‚àß (S.comp T) v = Œº ‚Ä¢ v) ‚Üî (‚àÉ w : V, w ‚â† 0 ‚àß (T.comp S) w = Œº ‚Ä¢ w) := by sorry
"
Munkres_exercise_43_2,max_steps_reached,False,6,"Let $(X, d_X)$ and $(Y, d_Y)$ be metric spaces; let $Y$ be complete. Let $A \subset X$. Show that if $f \colon A \rightarrow Y$ is uniformly continuous, then $f$ can be uniquely extended to a continuous function $g \colon \bar{A} \rightarrow Y$, and $g$ is uniformly continuous.","import Mathlib

/-- Let (X, d_X) and (Y, d_Y) be metric spaces; let Y be complete. Let A ‚äÇ X. Show that if f : A ‚Üí Y is uniformly continuous, then f can be uniquely extended to a continuous function g : closure A ‚Üí Y, and g is uniformly continuous. -/

variable {X Y : Type*} [MetricSpace X] [MetricSpace Y] [CompleteSpace Y]
variable (A : Set X) (f : A ‚Üí Y)

open Set

theorem uniformly_continuous_extend_to_closure (hf : UniformContinuous f) :
  ‚àÉ! (g : closure A ‚Üí Y),
    Continuous g ‚àß (‚àÄ x : A, g ‚ü®(x : X), subset_closure x.2‚ü© = f x) ‚àß UniformContinuous g := by
  sorry
"
Axler_exercise_3_8,success,True,4,"Suppose that $V$ is finite dimensional and that $T \in \mathcal{L}(V, W)$. Prove that there exists a subspace $U$ of $V$ such that $U \cap \operatorname{null} T=\{0\}$ and range $T=\{T u: u \in U\}$.","import Mathlib

theorem Axler_exercise_3_8 {K : Type _} [Field K] {V W : Type _} [AddCommGroup V] [Module K V] [AddCommGroup W] [Module K W] [FiniteDimensional K V] (T : V ‚Üí‚Çó[K] W) :
  ‚àÉ (U : Submodule K V), U ‚äì LinearMap.ker T = ‚ä• ‚àß LinearMap.range T = Submodule.map T U := by sorry
"
Axler_exercise_1_4,success,True,3,"Prove that if $a \in \mathbf{F}$, $v \in V$, and $av = 0$, then $a = 0$ or $v = 0$.","import Mathlib

variable {F : Type*} [Field F]
variable {V : Type*} [AddCommGroup V] [Module F V]

/-- Exercise 1.4 (Axler): If a ‚àà ùîΩ, v ‚àà V, and a ‚Ä¢ v = 0, then a = 0 or v = 0. -/
theorem Axler_exercise_1_4 (a : F) (v : V) (h : a ‚Ä¢ v = 0) : a = 0 ‚à® v = 0 := by sorry
"
Axler_exercise_6_3,success,True,3,"Prove that $\left(\sum_{j=1}^{n} a_{j} b_{j}\right)^{2} \leq\left(\sum_{j=1}^{n} j a_{j}{ }^{2}\right)\left(\sum_{j=1}^{n} \frac{b_{j}{ }^{2}}{j}\right)$ for all real numbers $a_{1}, \ldots, a_{n}$ and $b_{1}, \ldots, b_{n}$.","import Mathlib

open Finset

/-!
Exercise: Prove that
  (\sum_{j=1}^n a_j b_j)^2 ‚â§ (\sum_{j=1}^n j a_j^2) (\sum_{j=1}^n b_j^2 / j)
for real numbers a_j, b_j.
We state the inequality for indices i : Fin n (i = 0..n-1) with weight (i + 1).
-/

theorem Axler_exercise_6_3 {n : ‚Ñï} (a b : Fin n ‚Üí ‚Ñù) :
  (‚àë i : Fin n, a i * b i) ^ 2 ‚â§
    (‚àë i : Fin n, ((i : ‚Ñï) + 1 : ‚Ñù) * (a i) ^ 2) *
    (‚àë i : Fin n, (b i) ^ 2 / ((i : ‚Ñï) + 1 : ‚Ñù)) := by
  sorry
"
Axler_exercise_1_7,success,True,5,"Give an example of a nonempty subset $U$ of $\mathbf{R}^2$ such that $U$ is closed under scalar multiplication, but $U$ is not a subspace of $\mathbf{R}^2$.","import Mathlib

/-- Example: union of the x- and y-axes in R^2. This set is closed under scalar
multiplication (each axis is a line through the origin) but not closed under
addition, hence not a subspace. -/

def U : Set (‚Ñù √ó ‚Ñù) := { p : ‚Ñù √ó ‚Ñù | p.1 = 0 } ‚à™ { p : ‚Ñù √ó ‚Ñù | p.2 = 0 }

theorem U_nonempty : ‚àÉ v : ‚Ñù √ó ‚Ñù, v ‚àà U := by sorry

theorem U_closed_under_smul (a : ‚Ñù) {v : ‚Ñù √ó ‚Ñù} (hv : v ‚àà U) : a ‚Ä¢ v ‚àà U := by sorry

theorem U_not_closed_under_add : ‚àÉ u v : ‚Ñù √ó ‚Ñù, u ‚àà U ‚àß v ‚àà U ‚àß u + v ‚àâ U := by sorry
"
Axler_exercise_5_13,success,True,4,Suppose $T \in \mathcal{L}(V)$ is such that every subspace of $V$ with dimension $\operatorname{dim} V-1$ is invariant under $T$. Prove that $T$ is a scalar multiple of the identity operator.,"import Mathlib

/-!
Exercise (Axler 5.13, translated):
Suppose K is a field and V is a finite-dimensional vector space over K.
Let T : V ‚Üí‚Çó[K] V be a linear operator such that every subspace of V of
codimension 1 (every hyperplane) is invariant under T. Prove that T is a
scalar multiple of the identity operator.
-/

theorem axler_exercise_5_13 {K : Type*} [Field K] {V : Type*} [AddCommGroup V]
  [Module K V] [FiniteDimensional K V] (T : V ‚Üí‚Çó[K] V)
  (h : ‚àÄ (œÜ : V ‚Üí‚Çó[K] K), œÜ ‚â† 0 ‚Üí ‚àÄ v, œÜ v = 0 ‚Üí œÜ (T v) = 0) :
  ‚àÉ (c : K), T = c ‚Ä¢ (LinearMap.id : V ‚Üí‚Çó[K] V) := by sorry
"
Axler_exercise_5_1,success,True,5,"Suppose $T \in \mathcal{L}(V)$. Prove that if $U_{1}, \ldots, U_{m}$ are subspaces of $V$ invariant under $T$, then $U_{1}+\cdots+U_{m}$ is invariant under $T$.","import Mathlib

variable {R : Type _} [Semiring R]
variable {V : Type _} [AddCommMonoid V] [Module R V]

/-- Exercise: If each U i is invariant under a linear map T, then their sum (iSup) is invariant. -/
theorem Axler_exercise_5_1 {Œπ : Type _} (T : V ‚Üí‚Çó[R] V) (U : Œπ ‚Üí Submodule R V)
  (h : ‚àÄ i, Submodule.map T (U i) ‚â§ U i) :
  Submodule.map T (‚®Ü i, U i) ‚â§ ‚®Ü i, U i := by sorry
"
Axler_exercise_1_9,N/A,False,0,Prove that the union of two subspaces of $V$ is a subspace of $V$ if and only if one of the subspaces is contained in the other.,Lean4 code file not found
Axler_exercise_7_9,N/A,False,0,Prove that a normal operator on a complex inner-product space is self-adjoint if and only if all its eigenvalues are real.,Lean4 code file not found
Axler_exercise_6_13,N/A,False,0,"Suppose $\left(e_{1}, \ldots, e_{m}\right)$ is an or thonormal list of vectors in $V$. Let $v \in V$. Prove that $\|v\|^{2}=\left|\left\langle v, e_{1}\right\rangle\right|^{2}+\cdots+\left|\left\langle v, e_{m}\right\rangle\right|^{2}$ if and only if $v \in \operatorname{span}\left(e_{1}, \ldots, e_{m}\right)$.",Lean4 code file not found
Ireland-Rosen_exercise_2_4,success,True,4,"If $a$ is a nonzero integer, then for $n>m$ show that $\left(a^{2^{n}}+1, a^{2^{m}}+1\right)=1$ or 2 depending on whether $a$ is odd or even.","import Mathlib

/-!
Exercise: If a is a nonzero integer, then for n > m show that
  gcd(a^{2^n} + 1, a^{2^m} + 1) = 1 or 2 depending on whether a is even or odd.
-/

theorem Ireland_Rosen_exercise_2_4 (a : ‚Ñ§) (ha : a ‚â† 0) (m n : ‚Ñï) (hn : n > m) :
  (2 ‚à£ a ‚Üí Int.gcd (a ^ (2 ^ n) + 1) (a ^ (2 ^ m) + 1) = 1) ‚àß
  (¬¨ 2 ‚à£ a ‚Üí Int.gcd (a ^ (2 ^ n) + 1) (a ^ (2 ^ m) + 1) = 2) := by
  sorry
"
Axler_exercise_5_24,max_steps_reached,False,6,Suppose $V$ is a real vector space and $T \in \mathcal{L}(V)$ has no eigenvalues. Prove that every subspace of $V$ invariant under $T$ has even dimension.,"import Mathlib

open LinearMap

/-!
Exercise (Axler 5.24) translated to Lean4/Mathlib style.
Suppose V is a finite-dimensional real vector space and T : V ‚Üí‚Çó[‚Ñù] V has no real eigenvalues.
Then every T-invariant subspace W ‚â§ V has even dimension.
-/

theorem Axler_exercise_5_24 {V : Type*} [AddCommGroup V] [Module ‚Ñù V] [FiniteDimensional ‚Ñù V]
  (T : V ‚Üí‚Çó[‚Ñù] V)
  (h_no_eig : ‚àÄ Œª : ‚Ñù, (T - Œª ‚Ä¢ LinearMap.id).ker = ‚ä•) :
  ‚àÄ (W : Submodule ‚Ñù V) (hW : ‚àÄ w, w ‚àà W ‚Üí T w ‚àà W), ‚àÉ k : ‚Ñï, finrank ‚Ñù W = 2 * k := by sorry
"
Axler_exercise_7_11,N/A,False,0,Suppose $V$ is a complex inner-product space. Prove that every normal operator on $V$ has a square root. (An operator $S \in \mathcal{L}(V)$ is called a square root of $T \in \mathcal{L}(V)$ if $S^{2}=T$.),Lean4 code file not found
Ireland-Rosen_exercise_2_27a,success,True,5,"Show that $\sum^{\prime} 1 / n$, the sum being over square free integers, diverges.","import Mathlib

/-!
Exercise: Show that the sum over squarefree positive integers of 1/n diverges.
We express this by stating that the series ‚àë_{k : ‚Ñï} if Squarefree (k+1)
then (1 : ‚Ñù)/(k+1) else 0 is not summable.
-/

theorem Ireland_Rosen_exercise_2_27a :
  ¬¨ Summable fun k : ‚Ñï => if Squarefree (k+1) then (1 : ‚Ñù) / (k+1) else 0 := by sorry
"
Ireland-Rosen_exercise_3_4,success,True,3,Show that the equation $3 x^{2}+2=y^{2}$ has no solution in integers.,"import Mathlib

/-- Exercise 3.4 (Ireland & Rosen): The Diophantine equation 3 x^2 + 2 = y^2 has no integer solutions. -/
theorem ireland_rosen_exercise_3_4 : ¬¨ ‚àÉ (x y : Int), 3 * x ^ 2 + 2 = y ^ 2 := by sorry
"
Axler_exercise_7_5,N/A,False,0,"Show that if $\operatorname{dim} V \geq 2$, then the set of normal operators on $V$ is not a subspace of $\mathcal{L}(V)$.",Lean4 code file not found
Ireland-Rosen_exercise_3_10,success,True,3,"If $n$ is not a prime, show that $(n-1) ! \equiv 0(n)$, except when $n=4$.","import Mathlib

/-- If n is not prime, show that (n-1)! ‚â° 0 (mod n), except when n = 4. -/
theorem ireland_rosen_exercise_3_10 (n : Nat) (hn : 2 ‚â§ n) (hne : ¬¨ Nat.Prime n) (h4 : n ‚â† 4) : n ‚à£ Nat.factorial (n - 1) := by
  sorry
"
Ireland-Rosen_exercise_1_30,success,True,6,Prove that $\frac{1}{2}+\frac{1}{3}+\cdots+\frac{1}{n}$ is not an integer.,"import Mathlib

/-- Ireland-Rosen Exercise 1.30: For n ‚â• 2 the sum 1/2 + 1/3 + ... + 1/n is not an integer. -/
theorem ireland_rosen_exercise_1_30 {n : Nat} (hn : 2 ‚â§ n) :
  ¬¨ ‚àÉ m : Int, Finset.sum (Finset.Ico 2 (n + 1)) (fun k => (1 : Rat) / (k : Rat)) = (m : Rat) := by sorry
"
Ireland-Rosen_exercise_5_28,success,True,3,Show that $x^{4} \equiv 2(p)$ has a solution for $p \equiv 1(4)$ iff $p$ is of the form $A^{2}+64 B^{2}$.,"import Mathlib
open Nat
open ZMod

/-- Show that x^4 ‚â° 2 (mod p) has a solution for p ‚â° 1 (mod 4) iff p is of the form A^2 + 64 B^2. -/
theorem ireland_rosen_exercise_5_28 (p : ‚Ñï) [Fact (Nat.Prime p)] (hp : p ‚â° 1 [ZMOD 4]) :
  (‚àÉ x : ZMod p, x ^ 4 = 2) ‚Üî ‚àÉ A B : ‚Ñï, p = A ^ 2 + 64 * B ^ 2 := by sorry
"
Ireland-Rosen_exercise_4_4,success,True,4,Consider a prime $p$ of the form $4 t+1$. Show that $a$ is a primitive root modulo $p$ iff $-a$ is a primitive root modulo $p$.,"import Mathlib

/-- Exercise: Let p be a prime of the form 4*t + 1. For a in ZMod p, show that a is a primitive
root modulo p iff -a is a primitive root modulo p. -/
theorem ireland_rosen_exercise_4_4 (p t : ‚Ñï) (hp : p = 4 * t + 1) (pp : p.Prime) (a : ZMod p) :
  IsPrimitiveRoot a (p - 1) ‚Üî IsPrimitiveRoot (-a) (p - 1) := by sorry
"
Ireland-Rosen_exercise_12_12,success,True,4,Show that $\sin (\pi / 12)$ is an algebraic number.,"import Mathlib

open Real

theorem sin_pi_div_12_is_algebraic : IsAlgebraic ‚Ñö (sin (pi / 12) : ‚Ñù) := by sorry
"
Ireland-Rosen_exercise_4_6,N/A,False,0,"If $p=2^{n}+1$ is a Fermat prime, show that 3 is a primitive root modulo $p$.",Lean4 code file not found
Ireland-Rosen_exercise_4_11,success,True,5,Prove that $1^{k}+2^{k}+\cdots+(p-1)^{k} \equiv 0(p)$ if $p-1 \nmid k$ and $-1(p)$ if $p-1 \mid k$.,"import Mathlib

open Finset

/-- Exercise: For a prime p and natural k, the sum of k-th powers of 1..p-1 modulo p
    is 0 if (p-1) ‚à§ k and -1 if (p-1) ‚à£ k. -/
theorem ireland_rosen_exercise_4_11 (p k : ‚Ñï) (hp : Nat.Prime p) :
  ((Finset.range p).erase 0).sum (fun i => (i : ZMod p) ^ k) =
  if (p - 1) ‚à£ k then (-1 : ZMod p) else 0 := by sorry
"
Shakarchi_exercise_1_19c,success,True,3,Prove that the power series $\sum zn/n$ converges at every point of the unit circle except $z = 1$.,"import Mathlib

/-!
Exercise: Prove that the power series \sum_{n=1}^\infty z^n / n converges for every z on the unit circle except z = 1.
This file provides the statement only; the proof is omitted (:= by sorry) as requested.
-/

open Complex

theorem Shakarchi_exercise_1_19c (z : ‚ÑÇ) (hz1 : Complex.abs z = 1) (hz : z ‚â† 1) :
  Summable fun n : ‚Ñï => z ^ (n + 1) / ((n + 1) : ‚ÑÇ) := by sorry
"
Shakarchi_exercise_2_2,max_steps_reached,False,6,Show that $\int_{0}^{\infty} \frac{\sin x}{x} d x=\frac{\pi}{2}$.,"import Mathlib

open MeasureTheory
open Topology
open Real

/-- Shakarchi exercise: ‚à´‚ÇÄ^‚àû (sin x) / x dx = œÄ / 2. -/
theorem Shakarchi_exercise_2_2 : (‚à´ x in Ioi (0 : ‚Ñù), (sin x) / x ‚àÇvolume) = Real.pi / 2 := by sorry
"
Shakarchi_exercise_1_19a,max_steps_reached,False,6,Prove that the power series $\sum nz^n$ does not converge on any point of the unit circle.,"import Mathlib

/-- Exercise (Shakarchi 1.19 a): The power series \sum n z^n does not converge for any z on the unit circle. -/
theorem shakarchi_exercise_1_19a (z : ‚ÑÇ) (hz : |z| = (1 : ‚Ñù)) : ¬¨ Summable (fun n : ‚Ñï => (n : ‚ÑÇ) * z ^ n) := by sorry
"
Shakarchi_exercise_3_4,success,True,5,Show that $ \int_{-\infty}^{\infty} \frac{x \sin x}{x^2 + a^2} dx = \pi e^{-a}$ for $a > 0$.,"import Mathlib

theorem Shakarchi_exercise_3_4 (a : ‚Ñù) (ha : a > 0) :
  MeasureTheory.integral MeasureTheory.volume (fun x => x * Real.sin x / (x^2 + a^2)) = Real.pi * Real.exp (-a) := by sorry
"
Putnam_exercise_2018_b4,success,True,3,"Given a real number $a$, we define a sequence by $x_{0}=1$, $x_{1}=x_{2}=a$, and $x_{n+1}=2 x_{n} x_{n-1}-x_{n-2}$ for $n \geq 2$. Prove that if $x_{n}=0$ for some $n$, then the sequence is periodic.","import Mathlib

variable {a : ‚Ñù} {x : ‚Ñï ‚Üí ‚Ñù}

/-- Putnam 2018 B4: If a sequence (x_n) of real numbers satisfies x_0 = 1, x_1 = x_2 = a,
    and x_{n+1} = 2 x_n x_{n-1} - x_{n-2} for n ‚â• 2, then if x_n = 0 for some n the sequence is periodic. -/
theorem Putnam_exercise_2018_b4
  (h0 : x 0 = 1)
  (h1 : x 1 = a)
  (h2 : x 2 = a)
  (hrecur : ‚àÄ n, 2 ‚â§ n ‚Üí x (n+1) = 2 * x n * x (n-1) - x (n-2))
  (hex : ‚àÉ n, x n = 0) : ‚àÉ p : ‚Ñï, p > 0 ‚àß ‚àÄ m, x (m + p) = x m := by sorry
"
Putnam_exercise_2014_a5,N/A,False,0,Let,Lean4 code file not found
Shakarchi_exercise_5_1,success,True,4,"Prove that if $f$ is holomorphic in the unit disc, bounded and not identically zero, and $z_{1}, z_{2}, \ldots, z_{n}, \ldots$ are its zeros $\left(\left|z_{k}\right|<1\right)$, then $\sum_{n}\left(1-\left|z_{n}\right|\right)<\infty$.","import Mathlib

open Complex

/-- Shakarchi, Complex Analysis, Ex. 5.1 (statement only).

If f is holomorphic in the unit disc, bounded and not identically zero,
and z‚ÇÅ, z‚ÇÇ, ... are its zeros (|z_k| < 1), then
‚àë‚Çô (1 - |z‚Çô|) < ‚àû.
-/
theorem Shakarchi_exercise_5_1 (f : ‚ÑÇ ‚Üí ‚ÑÇ) (hf_hol : Prop) (hf_bdd : Prop) (hf_nonzero : Prop)
  (z : ‚Ñï ‚Üí ‚ÑÇ) (hz_zero : ‚àÄ n, f (z n) = 0) (hz_unit : ‚àÄ n, Complex.abs (z n) < 1) :
  Summable fun n => (1 : ‚Ñù) - Complex.abs (z n) := by sorry
"
Shakarchi_exercise_3_14,N/A,False,0,"Prove that all entire functions that are also injective take the form $f(z) = az + b$, $a, b \in \mathbb{C}$ and $a \neq 0$.",Lean4 code file not found
Shakarchi_exercise_1_13b,N/A,False,0,"Suppose that $f$ is holomorphic in an open set $\Omega$. Prove that if $\text{Im}(f)$ is constant, then $f$ is constant.",Lean4 code file not found
Putnam_exercise_2001_a5,success,True,5,"Prove that there are unique positive integers $a, n$ such that $a^{n+1}-(a+1)^n=2001$.","import Mathlib

/-- Putnam 2001 A5: There are unique positive integers a, n such that a^(n+1) - (a+1)^n = 2001. -/
theorem putnam_exercise_2001_a5 :
  ‚àÉ! (p : ‚Ñï √ó ‚Ñï), 0 < p.1 ‚àß 0 < p.2 ‚àß p.1^(p.2+1) - (p.1+1)^(p.2) = 2001 := by sorry
"
Putnam_exercise_1998_b6,success,True,4,"Prove that, for any integers $a, b, c$, there exists a positive integer $n$ such that $\sqrt{n^3+a n^2+b n+c}$ is not an integer.","import Mathlib

/--
Putnam 1998 B6:
For any integers a, b, c, there exists a positive integer n such that
sqrt(n^3 + a n^2 + b n + c) is not an integer.
We state this by saying there is a natural n > 0 for which the integer
n^3 + a n^2 + b n + c is not a perfect square in Z.
-/
theorem putnam_exercise_1998_b6 (a b c : Int) :
  ‚àÉ n : Nat, 0 < n ‚àß ¬¨ ‚àÉ m : Int, m * m = (n : Int) ^ 3 + a * (n : Int) ^ 2 + b * (n : Int) + c :=
by sorry
"
Pugh_exercise_2_26,success,True,3,Prove that a set $U \subset M$ is open if and only if none of its points are limits of its complement.,"import Mathlib

open Set

variable {Œ± : Type _} [TopologicalSpace Œ±]

/-- Pugh, Exercise 2.26: A set U is open iff none of its points are limit points of its complement. -/
theorem Pugh_exercise_2_26 (U : Set Œ±) : IsOpen U ‚Üî ‚àÄ x, x ‚àà U ‚Üí x ‚àâ closure (U·∂ú) := by
  sorry
"
Putnam_exercise_2018_a5,N/A,False,0,"Let $f: \mathbb{R} \rightarrow \mathbb{R}$ be an infinitely differentiable function satisfying $f(0)=0, f(1)=1$, and $f(x) \geq 0$ for all $x \in$ $\mathbb{R}$. Show that there exist a positive integer $n$ and a real number $x$ such that $f^{(n)}(x)<0$.",Lean4 code file not found
Shakarchi_exercise_2_13,N/A,False,0,Suppose $f$ is an analytic function defined everywhere in $\mathbb{C}$ and such that for each $z_0 \in \mathbb{C}$ at least one coefficient in the expansion $f(z) = \sum_{n=0}^\infty c_n(z - z_0)^n$ is equal to 0. Prove that $f$ is a polynomial.,Lean4 code file not found
Pugh_exercise_3_1,success,True,3,"Assume that $f \colon \mathbb{R} \rightarrow \mathbb{R}$ satisfies $|f(t)-f(x)| \leq|t-x|^{2}$ for all $t, x$. Prove that $f$ is constant.","import Mathlib

theorem pugh_exercise_3_1 (f : ‚Ñù ‚Üí ‚Ñù)
  (h : ‚àÄ t x : ‚Ñù, |f t - f x| ‚â§ |t - x| ^ 2) : ‚àÉ c, ‚àÄ x, f x = c := by sorry
"
Herstein_exercise_2_1_18,success,True,3,"If $G$ is a finite group of even order, show that there must be an element $a \neq e$ such that $a=a^{-1}$.","import Mathlib

/-- If G is a finite group of even order, there exists a nontrivial element of order 2. -/
theorem herstein_exercise_2_1_18 {G : Type _} [Group G] [Fintype G] (h : 2 ‚à£ Fintype.card G) :
  ‚àÉ a : G, a ‚â† (1 : G) ‚àß a = a‚Åª¬π := by sorry
"
Herstein_exercise_2_1_26,success,True,3,"If $G$ is a finite group, prove that, given $a \in G$, there is a positive integer $n$, depending on $a$, such that $a^n = e$.","import Mathlib

/-- If G is a finite group and a ‚àà G, there exists a positive integer n (depending on a) such that a^n = 1. -/
theorem Herstein_exercise_2_1_26 {G : Type _} [Group G] [Fintype G] (a : G) :
  ‚àÉ n : ‚Ñï, 0 < n ‚àß a ^ n = (1 : G) := by sorry
"
Putnam_exercise_1999_b4,max_steps_reached,False,6,"Let $f$ be a real function with a continuous third derivative such that $f(x), f^{\prime}(x), f^{\prime \prime}(x), f^{\prime \prime \prime}(x)$ are positive for all $x$. Suppose that $f^{\prime \prime \prime}(x) \leq f(x)$ for all $x$. Show that $f^{\prime}(x)<2 f(x)$ for all $x$.","import Mathlib

/-- Putnam 1999 B4.
Let f be a real function with a continuous third derivative such that
f(x), f'(x), f''(x), f'''(x) are positive for all x. Suppose that
f'''(x) ‚â§ f(x) for all x. Show that f'(x) < 2 f(x) for all x. -/
theorem putnam_1999_b4 (f : ‚Ñù ‚Üí ‚Ñù)
  (h_cont : ContDiff 3 f)
  (h_pos   : ‚àÄ x, f x > 0)
  (h_pos1  : ‚àÄ x, deriv f x > 0)
  (h_pos2  : ‚àÄ x, deriv (deriv f) x > 0)
  (h_pos3  : ‚àÄ x, deriv (deriv (deriv f)) x > 0)
  (h_bound : ‚àÄ x, deriv (deriv (deriv f)) x ‚â§ f x) : ‚àÄ x, deriv f x < 2 * f x := by sorry
"
Pugh_exercise_2_46,success,True,6,"Assume that $A, B$ are compact, disjoint, nonempty subsets of $M$. Prove that there are $a_0 \in A$ and $b_0 \in B$ such that for all $a \in A$ and $b \in B$ we have $d(a_0, b_0) \leq d(a, b)$.","import Mathlib

/-
Exercise (Pugh 2.46) translated to Lean4/Mathlib4.
Assume A, B are compact, disjoint, nonempty subsets of a metric space M.
There exist a0 ‚àà A and b0 ‚àà B minimizing the distance between A and B.
-/

theorem Pugh_exercise_2_46 {M : Type _} [MetricSpace M] {A B : Set M}
  (hA : IsCompact A) (hB : IsCompact B) (hneA : A.Nonempty) (hneB : B.Nonempty) (hdis : Disjoint A B) :
  ‚àÉ a0 b0, a0 ‚àà A ‚àß b0 ‚àà B ‚àß ‚àÄ a ‚àà A, ‚àÄ b ‚àà B, dist a0 b0 ‚â§ dist a b := by
  sorry
"
Pugh_exercise_2_32a,success,True,6,Show that every subset of $\mathbb{N}$ is clopen.,"import Mathlib

/- Show that every subset of ‚Ñï (with the subspace topology from ‚Ñù) is clopen. -/
theorem Pugh_exercise_2_32a : ‚àÄ s : Set ‚Ñï, @IsClopen ‚Ñï (TopologicalSpace.induced (coe : ‚Ñï ‚Üí Real) (inferInstance : TopologicalSpace Real)) s := by sorry
"
Herstein_exercise_2_2_3,success,True,3,"If $G$ is a group in which $(a b)^{i}=a^{i} b^{i}$ for three consecutive integers $i$, prove that $G$ is abelian.","import Mathlib

variable {G : Type _} [Group G]

theorem herstein_exercise_2_2_3 (k : Int)
  (h1 : ‚àÄ a b : G, (a * b) ^ k = a ^ k * b ^ k)
  (h2 : ‚àÄ a b : G, (a * b) ^ (k + 1) = a ^ (k + 1) * b ^ (k + 1))
  (h3 : ‚àÄ a b : G, (a * b) ^ (k + 2) = a ^ (k + 2) * b ^ (k + 2)) :
  ‚àÄ a b : G, a * b = b * a := by sorry
"
Herstein_exercise_2_2_6c,success,True,3,"Let $G$ be a group in which $(a b)^{n}=a^{n} b^{n}$ for some fixed integer $n>1$ for all $a, b \in G$. For all $a, b \in G$, prove that $\left(a b a^{-1} b^{-1}\right)^{n(n-1)}=e$.","import Mathlib

/-!
Exercise: Let G be a group in which (a * b)^n = a^n * b^n for some fixed integer n > 1 and all a, b in G.
Prove that for all a, b in G, (a * b * a^{-1} * b^{-1})^{n(n-1)} = 1.
-/

theorem herstein_exercise_2_2_6c {G : Type _} [Group G] (n : Int) (hn : 1 < n)
  (hpow : ‚àÄ a b : G, (a * b) ^ n = a ^ n * b ^ n) :
  ‚àÄ a b : G, (a * b * a‚Åª¬π * b‚Åª¬π) ^ (n * (n - 1)) = 1 := by sorry
"
Pugh_exercise_3_63a,success,True,6,Prove that $\sum 1/k(\log(k))^p$ converges when $p > 1$.,"import Mathlib

/-!
Exercise: Show that the series \sum_{k >= 2} 1/(k (log k)^p) converges when p > 1.
This file only states the result; the proof is omitted (``by sorry'').
-/

open Real

theorem pugh_exercise_3_63a (p : ‚Ñù) (hp : 1 < p) :
  Summable (fun n : ‚Ñï => if 2 ‚â§ n then (1 : ‚Ñù) / ((n : ‚Ñù) * Real.rpow (Real.log (n : ‚Ñù)) p) else (0 : ‚Ñù)) :=
by sorry
"
Pugh_exercise_2_92,success,True,4,Give a direct proof that the nested decreasing intersection of nonempty covering compact sets is nonempty.,"import Mathlib

variable {Œ± : Type*} [TopologicalSpace Œ±] [CompactSpace Œ±]

variable (K : ‚Ñï ‚Üí Set Œ±)

/-- If K_n is a nested sequence of nonempty closed sets in a compact space, then their
    intersection is nonempty. This is a direct formulation of the finite intersection
    property for compact spaces specialized to a countable nested family. -/
theorem Pugh_exercise_2_92 (h_closed : ‚àÄ n, IsClosed (K n)) (h_nonempty : ‚àÄ n, (K n).Nonempty)
  (h_nested : ‚àÄ n, K (n + 1) ‚äÜ K n) : (‚ãÇ n, K n).Nonempty := by sorry
"
Herstein_exercise_2_5_43,success,True,3,Prove that a group of order 9 must be abelian.,"import Mathlib

theorem group_of_card9_is_abelian {G : Type _} [Group G] [Fintype G] (h : Fintype.card G = 9) : ‚àÄ x y : G, x * y = y * x := by sorry
"
Pugh_exercise_4_15a,max_steps_reached,False,6,"A continuous, strictly increasing function $\mu \colon (0, \infty) \rightarrow (0, \infty)$ is a modulus of continuity if $\mu(s) \rightarrow 0$ as $s \rightarrow 0$. A function $f \colon [a, b] \rightarrow \mathbb{R}$ has modulus of continuity $\mu$ if $|f(s) - f(t)| \leq \mu(|s - t|)$ for all $s, t \in [a, b]$. Prove that a function is uniformly continuous if and only if it has a modulus of continuity.","import Mathlib

open Set Filter

theorem Pugh_exercise_4_15a {a b : ‚Ñù} (hab : a < b) (f : ‚Ñù ‚Üí ‚Ñù) :
  UniformContinuousOn f (Icc a b) ‚Üî
  ‚àÉ Œº : ‚Ñù ‚Üí ‚Ñù,
    (‚àÄ s, 0 < s ‚Üí 0 < Œº s) ‚àß
    StrictMonoOn Œº (Ioi 0) ‚àß
    ContinuousOn Œº (Ioi 0) ‚àß
    Tendsto Œº (nhdsWithin 0 (Ioi 0)) (nhds 0) ‚àß
    (‚àÄ s t, s ‚àà Icc a b ‚Üí t ‚àà Icc a b ‚Üí |f s - f t| ‚â§ Œº (|s - t|)) := by
  sorry
"
Herstein_exercise_2_10_1,success,True,3,"Let $A$ be a normal subgroup of a group $G$, and suppose that $b \in G$ is an element of prime order $p$, and that $b \not\in A$. Show that $A \cap (b) = (e)$.","import Mathlib


/-- Let A be a normal subgroup of a group G, and suppose that b \in G is an element of prime order p, and that b \not\in A. Show that A \cap (b) = (e). Save it to: Herstein_exercise_2_10_1.lean -/
theorem Herstein_exercise_2_10_1 {G : Type*} [Group G] {A : Subgroup G} [A.Normal] {b : G} {p : ‚Ñï}
    (hp : Nat.Prime p) (hb : orderOf b = p) (hb' : b ‚àâ A) :
    A ‚äì Subgroup.zpowers b = ‚ä• := by sorry
"
Herstein_exercise_2_5_23,N/A,False,0,"Let $G$ be a group such that all subgroups of $G$ are normal in $G$. If $a, b \in G$, prove that $ba = a^jb$ for some $j$.",Lean4 code file not found
Herstein_exercise_2_5_31,N/A,False,0,"Suppose that $G$ is an abelian group of order $p^nm$ where $p \nmid m$ is a prime.  If $H$ is a subgroup of $G$ of order $p^n$, prove that $H$ is a characteristic subgroup of $G$.",Lean4 code file not found
Herstein_exercise_2_7_7,N/A,False,0,"If $\varphi$ is a homomorphism of $G$ onto $G'$ and $N \triangleleft G$, show that $\varphi(N) \triangleleft G'$.",Lean4 code file not found
Herstein_exercise_4_2_6,success,True,3,"If $a^2 = 0$ in $R$, show that $ax + xa$ commutes with $a$.","import Mathlib

variable {R : Type _} [Ring R]

theorem herstein_exercise_4_2_6 (a x : R) (ha : a * a = 0) : (a * x + x * a) * a = a * (a * x + x * a) := by
  sorry
"
Herstein_exercise_2_11_7,N/A,False,0,"If $P \triangleleft G$, $P$ a $p$-Sylow subgroup of $G$, prove that $\varphi(P) = P$ for every automorphism $\varphi$ of $G$.",Lean4 code file not found
Herstein_exercise_3_2_21,N/A,False,0,"If $\sigma, \tau$ are two permutations that disturb no common element and $\sigma \tau = e$, prove that $\sigma = \tau = e$.",Lean4 code file not found
Herstein_exercise_2_3_16,max_steps_reached,False,6,"If a group $G$ has no proper subgroups, prove that $G$ is cyclic of order $p$, where $p$ is a prime number.","import Mathlib

open Subgroup

theorem Herstein_exercise_2_3_16 {G : Type _} [Group G]
  (h : ‚àÄ H : Subgroup G, H = (‚ä• : Subgroup G) ‚à® H = (‚ä§ : Subgroup G)) :
  ‚àÉ p : ‚Ñï, Nat.Prime p ‚àß ‚àÉ g : G, Subgroup.closure (Set.singleton g) = (‚ä§ : Subgroup G) ‚àß (Fintype G ‚àß Fintype.card G = p) := by sorry
"
Herstein_exercise_2_8_15,max_steps_reached,False,6,"Prove that if $p > q$ are two primes such that $q \mid p - 1$, then any two nonabelian groups of order $pq$ are isomorphic.","import Mathlib

/-- If p > q are primes and q divides p - 1, then any two nonabelian groups of order p * q are isomorphic. -/
theorem herstein_exercise_2_8_15 {p q : ‚Ñï} (hp_gt : p > q) (hp : Nat.Prime p) (hq : Nat.Prime q)
  (hdiv : q ‚à£ p - 1) :
  ‚àÄ {G H : Type*} [Group G] [Fintype G] (hG : Fintype.card G = p * q)
    [Group H] [Fintype H] (hH : Fintype.card H = p * q)
    (hG_nonab : ¬¨ CommGroup G) (hH_nonab : ¬¨ CommGroup H),
    MulEquiv G H := by sorry
"
Herstein_exercise_4_3_1,N/A,False,0,"If $R$ is a commutative ring and $a \in R$, let $L(a) = \{x \in R \mid xa = 0\}$. Prove that $L(a)$ is an ideal of $R$.",Lean4 code file not found
Herstein_exercise_4_6_2,success,True,4,Prove that $f(x) = x^3 + 3x + 2$ is irreducible in $Q[x]$.,"import Mathlib

open Polynomial

/-- Exercise: show that f(x) = x^3 + 3x + 2 is irreducible over the rationals. -/
theorem herstein_exercise_4_6_2 : Irreducible ((X : Polynomial ‚Ñö) ^ 3 + 3 * X + 2) := by
  sorry"
Herstein_exercise_4_1_34,N/A,False,0,"Let $T$ be the group of $2\times 2$ matrices $A$ with entries in the field $\mathbb{Z}_2$ such that $\det A$ is not equal to 0. Prove that $T$ is isomorphic to $S_3$, the symmetric group of degree 3.",Lean4 code file not found
Herstein_exercise_5_1_8,success,True,4,"If $F$ is a field of characteristic $p \neq 0$, show that $(a + b)^m = a^m + b^m$, where $m = p^n$, for all $a, b \in F$ and any positive integer $n$.","import Mathlib

theorem herstein_exercise_5_1_8 {F : Type _} [Field F] {p : ‚Ñï} (hp : p ‚â† 0) (n : ‚Ñï) (m := p ^ n)
  [CharP F p] : ‚àÄ a b : F, (a + b) ^ m = a ^ m + b ^ m := by
  sorry
"
Artin_exercise_2_8_6,success,True,3,Prove that the center of the product of two groups is the product of their centers.,"import Mathlib

/-- Prove that the center of the product of two groups is the product of their centers. -/
theorem center_prod_extracted {G H : Type _} [Group G] [Group H] :
  Subgroup.center (G √ó H) = (Subgroup.center G).prod (Subgroup.center H) := by sorry
"
Herstein_exercise_5_3_7,success,True,4,"If $a \in K$ is such that $a^2$ is algebraic over the subfield $F$ of $K$, show that a is algebraic over $F$.","import Mathlib

variable {F K : Type*} [Field F] [Field K] [Algebra F K]

theorem herstein_exercise_5_3_7 (a : K) (h : IsAlgebraic F (a ^ 2)) : IsAlgebraic F a := by sorry
"
Herstein_exercise_4_4_9,max_steps_reached,False,6,"Show that $(p - 1)/2$ of the numbers $1, 2, \ldots, p - 1$ are quadratic residues and $(p - 1)/2$ are quadratic nonresidues $\mod p$.","import Mathlib

theorem Herstein_exercise_4_4_9 (p : ‚Ñï) (hp : Nat.Prime p) (hp2 : p ‚â† 2) :
  (Finset.filter (fun a : ZMod p => a ‚â† 0 ‚àß IsSquare a) (Finset.univ : Finset (ZMod p))).card = (p - 1) / 2 ‚àß
  (Finset.filter (fun a : ZMod p => a ‚â† 0 ‚àß ¬¨IsSquare a) (Finset.univ : Finset (ZMod p))).card = (p - 1) / 2 := by sorry
"
Artin_exercise_2_3_2,success,True,3,Prove that the products $a b$ and $b a$ are conjugate elements in a group.,"import Mathlib

/-- Artin, Exercise 2.3.2: In any group, the products a * b and b * a are conjugate. -/
theorem Artin_exercise_2_3_2 (G : Type*) [Group G] (a b : G) : ‚àÉ g : G, g * (a * b) * g‚Åª¬π = b * a := by sorry
"
Herstein_exercise_4_5_23,max_steps_reached,False,6,Let $F = \mathbb{Z}_7$ and let $p(x) = x^3 - 2$ and $q(x) = x^3 + 2$ be in $F[x]$. Show that $p(x)$ and $q(x)$ are irreducible in $F[x]$ and that the fields $F[x]/(p(x))$ and $F[x]/(q(x))$ are isomorphic.,"import Mathlib

/-!
Exercise: Let F = Z_7 and let p(x) = x^3 - 2 and q(x) = x^3 + 2 in F[x].
Show that p(x) and q(x) are irreducible in F[x] and that the fields
F[x]/(p(x)) and F[x]/(q(x)) are isomorphic.
-/

open Polynomial

abbrev F := ZMod 7

abbrev two : F := (2 : ZMod 7)

def p : Polynomial F := X ^ 3 - C (two)

def q : Polynomial F := X ^ 3 + C (two)

theorem p_irreducible : IsIrreducible p := by sorry

theorem q_irreducible : IsIrreducible q := by sorry

noncomputable def fields_iso : (Polynomial F) ‚ß∏ Ideal.span ({p} : Set (Polynomial F)) ‚âÉ+* (Polynomial F) ‚ß∏ Ideal.span ({q} : Set (Polynomial F)) := by sorry
"
Herstein_exercise_2_5_52,max_steps_reached,False,6,"Let $G$ be a finite group and $\varphi$ an automorphism of $G$ such that $\varphi(x) = x^{-1}$ for more than three-fourths of the elements of $G$. Prove that $\varphi(y) = y^{-1}$ for all $y \in G$, and so $G$ is abelian.","import Mathlib

theorem Herstein_exercise_2_5_52 {G : Type _} [Group G] [Fintype G] (œÜ : G ‚âÉ* G)
  (h : 4 * ((Fintype.elems (G)).filter fun x => œÜ x = x‚Åª¬π).card > 3 * Fintype.card G) :
  (‚àÄ y : G, œÜ y = y‚Åª¬π) ‚àß (‚àÄ a b : G, a * b = b * a) := by
  sorry
"
Artin_exercise_3_2_7,success,True,4,Prove that every homomorphism of fields is injective.,"import Mathlib

/-- Every ring homomorphism from a field is injective. -/
theorem ring_hom_field_injective {F K : Type _} [Field F] [Field K] (f : F ‚Üí+* K) :
  Function.Injective (f : F ‚Üí K) := by sorry
"
Artin_exercise_3_7_2,success,True,3,Let $V$ be a vector space over an infinite field $F$. Prove that $V$ is not the union of finitely many proper subspaces.,"import Mathlib

variable {F : Type*} [Field F] [Infinite F]
variable {V : Type*} [AddCommGroup V] [Module F V]

/-- A vector space over an infinite field cannot be the union of finitely many proper submodules. -/
theorem Artin_exercise_3_7_2 (s : Finset (Submodule F V))
  (h : ‚àÄ S ‚àà s, S ‚â† ‚ä§) : ‚àÉ v : V, ‚àÄ S ‚àà s, v ‚àâ S := by sorry
"
Artin_exercise_6_4_12,success,True,4,Prove that no group of order 224 is simple.,"import Mathlib

/-- Artin, Algebra. Exercise 6.4.12:
    There is no simple group of order 224. -/
theorem Artin_exercise_6_4_12 (G : Type _) [Group G] [Fintype G] (h : Fintype.card G = 224) : ¬¨ IsSimpleGroup G := by sorry
"
Artin_exercise_10_4_7a,success,True,3,"Let $I, J$ be ideals of a ring $R$ such that $I+J=R$. Prove that $I J=I \cap J$.","import Mathlib

variable {R : Type _} [CommRing R] (I J : Ideal R)

theorem Artin_exercise_10_4_7a (h : I + J = ‚ä§) : I * J = I ‚äì J := by sorry
"
Herstein_exercise_5_6_14,N/A,False,0,"If $F$ is of characteristic $p \neq 0$, show that all the roots of $x^m - x$, where $m = p^n$, are distinct.",Lean4 code file not found
Artin_exercise_6_4_2,success,True,5,"Prove that no group of order $p q$, where $p$ and $q$ are prime, is simple.","import Mathlib

/-- Exercise (Artin 6.4.2):
If p and q are primes and G is a finite group with |G| = p * q, then G is not simple. -/
theorem Artin_exercise_6_4_2 (p q : ‚Ñï) (hp : Nat.Prime p) (hq : Nat.Prime q)
  (G : Type*) [Group G] [Fintype G] (hcard : Fintype.card G = p * q) : ¬¨ IsSimpleGroup G := by sorry
"
Artin_exercise_10_1_13,success,True,6,"An element $x$ of a ring $R$ is called nilpotent if some power of $x$ is zero. Prove that if $x$ is nilpotent, then $1+x$ is a unit in $R$.","import Mathlib

/-- An element x of a ring R is called nilpotent if some power of x is zero.
    Prove that if x is nilpotent, then 1 + x is a unit in R. -/

theorem one_add_isUnit_of_isNilpotent {R : Type*} [Ring R] {x : R} (hx : IsNilpotent x) :
  IsUnit (1 + x) := by sorry
"
Artin_exercise_11_13_3,success,True,3,Prove that there are infinitely many primes congruent to $-1$ (modulo $4$).,"import Mathlib

/-- There are infinitely many primes congruent to -1 modulo 4.
    Formulated as: for every m, there is a prime p > m with p % 4 = 3. -/
theorem Artin_exercise_11_13_3 :
  ‚àÄ m : Nat, ‚àÉ p : Nat, p > m ‚àß Nat.Prime p ‚àß p % 4 = 3 := by sorry
"
Artin_exercise_11_4_6c,success,True,5,Prove that $x^3 - 9$ is irreducible in $\mathbb{F}_{31}$.,"import Mathlib

open Polynomial

theorem Artin_exercise_11_4_6c : Irreducible (X ^ 3 - C (9 : ZMod 31)) := by sorry
"
Dummit-Foote_exercise_1_1_4,success,True,3,Prove that the multiplication of residue class $\mathbb{Z}/n\mathbb{Z}$ is associative.,"import Mathlib

/-- Multiplication of residue classes in Z/nZ is associative. -/
theorem zmod_mul_assoc {n : Nat} (a b c : ZMod n) : (a * b) * c = a * (b * c) := by sorry
"
Artin_exercise_11_4_6a,max_steps_reached,False,6,Prove that $x^2+x+1$ is irreducible in the field $\mathbb{F}_2$.,"import Mathlib

open Polynomial

theorem Artin_exercise_11_4_6a : Irreducible ((X^2 + X + 1 : Polynomial (ZMod 2))) := by sorry
"
Artin_exercise_11_2_13,N/A,False,0,"If $a, b$ are integers and if $a$ divides $b$ in the ring of Gauss integers, then $a$ divides $b$ in $\mathbb{Z}$.",Lean4 code file not found
Herstein_exercise_5_4_3,N/A,False,0,"If $a \in C$ is such that $p(a) = 0$, where $p(x) = x^5 + \sqrt{2}x^3 + \sqrt{5}x^2 + \sqrt{7}x + \sqrt{11}$, show that $a$ is algebraic over $\mathbb{Q}$ of degree at most 80.",Lean4 code file not found
Artin_exercise_13_6_10,success,True,5,Let $K$ be a finite field. Prove that the product of the nonzero elements of $K$ is $-1$.,"import Mathlib

open Finset

theorem Artin_exercise_13_6_10 {K : Type*} [Field K] [Fintype K] [DecidableEq K] :
  (Finset.filter (fun x : K => x ‚â† 0) (Finset.univ : Finset K)).prod (fun x => x) = (-1 : K) := by
  sorry
"
Artin_exercise_10_6_7,success,True,5,Prove that every nonzero ideal in the ring of Gauss integers contains a nonzero integer.,"import Mathlib

/-
Exercise: Prove that every nonzero ideal in the ring of Gauss integers contains a nonzero integer.
File: Artin_exercise_10_6_7.lean
-/

theorem Artin_exercise_10_6_7 (I : Ideal GaussianInt) (h : I ‚â† ‚ä•) :
  ‚àÉ n : Int, n ‚â† 0 ‚àß (n : GaussianInt) ‚àà I := by sorry
"
Dummit-Foote_exercise_1_1_2a,success,True,3,Prove the the operation $\star$ on $\mathbb{Z}$ defined by $a\star b=a-b$ is not commutative.,"import Mathlib

/-- Define a binary operation `star` on the integers by `a ‚òÖ b = a - b`. -/
def star (a b : Int) : Int := a - b

/-- The operation `star` is not commutative. -/
theorem star_not_commutative : ‚àÉ a b : Int, star a b ‚â† star b a := by sorry
"
